country_name,week,prevalent_word,word_frequency,word_percentage,prevalence_score,num_articles,timeframe
Uzbekistan,2025-W44,numbeo,1,100.0,50000.0,1,24h
Dominica,2025-W44,upgrade,1,100.0,50000.0,1,7d
Eswatini,2025-W44,ztcs,1,100.0,50000.0,1,7d
Grenada,2025-W44,stands,1,50.0,25000.0,2,24h
Liechtenstein,2025-W44,verhaftet,1,50.0,25000.0,2,24h
Turkmenistan,2025-W44,awaza,1,50.0,25000.0,2,24h
Botswana,2025-W44,spirit,1,50.0,25000.0,2,24h
Laos,2025-W44,trieste,3,100.0,25000.0,3,7d
Monaco,2025-W44,lucca,3,75.0,18750.0,4,24h
Togo,2025-W44,togo,3,75.0,18750.0,4,24h
Haiti,2025-W44,haiti,3,75.0,18750.0,4,24h
Sao Tome and Principe,2025-W44,virg,1,33.33,16666.67,3,24h
Central African Republic,2025-W44,veloppement,1,33.33,16666.67,3,7d
Mozambique,2025-W44,devem,1,33.33,16666.67,3,24h
Belize,2025-W44,poolside,1,33.33,16666.67,3,24h
Burundi,2025-W44,burundi,6,100.0,14285.71,6,24h
Bahamas,2025-W44,profile,6,100.0,14285.71,6,24h
Rwanda,2025-W44,rwanda,4,80.0,13333.33,5,24h
Republic of the Congo,2025-W44,cecla,1,25.0,12500.0,4,24h
Samoa,2025-W44,caused,1,25.0,12500.0,4,7d
Solomon Islands,2025-W44,solomon,4,57.14,11428.57,7,24h
Djibouti,2025-W44,guelleh,2,33.33,11111.11,6,7d
Gabon,2025-W44,gabonews,6,75.0,10714.29,8,24h
Brunei,2025-W44,brunei,9,100.0,10000.0,9,30d
Cote d'Ivoire,2025-W44,ouattara,2,28.57,9523.81,7,24h
San Marino,2025-W44,libertas,2,28.57,9523.81,7,24h
South Sudan,2025-W44,juba,2,25.0,8333.33,8,24h
Angola,2025-W44,rendido,1,16.67,8333.33,6,24h
Mongolia,2025-W44,florian,1,16.67,8333.33,6,24h
Papua New Guinea,2025-W44,implement,1,16.67,8333.33,6,24h
Ethiopia,2025-W44,capital,1,14.29,7142.86,7,24h
Burkina Faso,2025-W44,burkina,6,50.0,7142.86,12,24h
Antigua and Barbuda,2025-W44,jollefiskere,1,14.29,7142.86,7,24h
Fiji,2025-W44,fiji,4,33.33,6666.67,12,24h
Mali,2025-W44,pers,2,20.0,6666.67,10,24h
Eritrea,2025-W44,isaias,2,20.0,6666.67,10,7d
Namibia,2025-W44,namibia,5,38.46,6410.26,13,24h
Tonga,2025-W44,tala,1,12.5,6250.0,8,7d
North Korea,2025-W44,pipe,2,18.18,6060.61,11,24h
Chad,2025-W44,tchadien,2,18.18,6060.61,11,7d
Lesotho,2025-W44,lesotho,1,11.11,5555.56,9,7d
Tanzania,2025-W44,nigerians,1,11.11,5555.56,9,24h
Maldives,2025-W44,gayoom,2,15.38,5128.21,13,7d
Benin,2025-W44,lerins,2,13.33,4444.44,15,24h
Sierra Leone,2025-W44,dependency,1,8.33,4166.67,12,24h
Zambia,2025-W44,hichilema,3,16.67,4166.67,18,7d
Seychelles,2025-W44,herminie,4,19.05,3809.52,21,7d
Cabo Verde,2025-W44,independente,5,21.74,3623.19,23,7d
Barbados,2025-W44,nationnews,2,10.53,3508.77,19,24h
Suriname,2025-W44,suriname,4,17.39,3478.26,23,24h
Montenegro,2025-W44,preradu,1,6.67,3333.33,15,24h
Armenia,2025-W44,lurer,19,63.33,3166.67,30,24h
Saint Lucia,2025-W44,orce,19,63.33,3166.67,30,7d
Niger,2025-W44,zazzau,1,6.25,3125.0,16,24h
Liberia,2025-W44,resource,12,40.0,3076.92,30,7d
Cameroon,2025-W44,cameroun,12,42.86,3061.22,28,24h
Somalia,2025-W44,qaranimo,9,30.0,3000.0,30,24h
Luxembourg,2025-W44,cran,9,30.0,3000.0,30,24h
Mauritania,2025-W44,mauritanie,4,14.81,2962.96,27,24h
Nepal,2025-W44,nepal,8,26.67,2962.96,30,24h
Guinea,2025-W44,guinee,8,26.67,2962.96,30,24h
Guatemala,2025-W44,llegan,8,26.67,2962.96,30,24h
Uganda,2025-W44,uganda,6,20.69,2955.67,29,24h
El Salvador,2025-W44,latino,7,23.33,2916.67,30,24h
Czechia,2025-W44,stran,7,23.33,2916.67,30,24h
Nigeria,2025-W44,thisdaylive,7,23.33,2916.67,30,24h
Saint Vincent and the Grenadines,2025-W44,gonsalves,3,11.54,2884.62,26,7d
Lebanon,2025-W44,tayyar,6,20.0,2857.14,30,24h
Finland,2025-W44,vain,6,20.0,2857.14,30,24h
Mexico,2025-W44,tamaulipas,6,20.0,2857.14,30,24h
Serbia,2025-W44,skup,6,20.0,2857.14,30,24h
Norway,2025-W44,etter,6,20.0,2857.14,30,24h
Jamaica,2025-W44,observer,17,56.67,2833.33,30,24h
Pakistan,2025-W44,makers,5,16.67,2777.78,30,24h
Indonesia,2025-W44,okezone,5,16.67,2777.78,30,24h
Guyana,2025-W44,stabroek,5,16.67,2777.78,30,24h
Gambia,2025-W44,gambia,5,16.67,2777.78,30,7d
Nicaragua,2025-W44,superhurac,5,16.67,2777.78,30,7d
Singapore,2025-W44,murasu,5,16.67,2777.78,30,24h
Slovenia,2025-W44,preberi,5,16.67,2777.78,30,24h
Australia,2025-W44,perry,5,16.67,2777.78,30,24h
Cuba,2025-W44,cauto,5,16.67,2777.78,30,24h
Sri Lanka,2025-W44,lankadeepa,5,16.67,2777.78,30,24h
Trinidad and Tobago,2025-W44,invasion,2,8.33,2777.78,24,24h
Malawi,2025-W44,malawi,5,16.67,2777.78,30,24h
Paraguay,2025-W44,naci,5,16.67,2777.78,30,24h
Estonia,2025-W44,ettev,4,13.79,2758.62,29,24h
South Africa,2025-W44,channel,3,10.71,2678.57,28,24h
Kyrgyzstan,2025-W44,tazabek,2,8.0,2666.67,25,24h
Philippines,2025-W44,manila,4,13.33,2666.67,30,24h
Oman,2025-W44,oman,8,26.67,2666.67,30,24h
Sweden,2025-W44,inte,4,13.33,2666.67,30,24h
Peru,2025-W44,alianza,4,13.33,2666.67,30,24h
Slovakia,2025-W44,hnonline,4,13.33,2666.67,30,24h
Romania,2025-W44,miliarde,4,13.33,2666.67,30,24h
Honduras,2025-W44,honduras,4,13.33,2666.67,30,24h
Myanmar,2025-W44,asia,2,8.0,2666.67,25,24h
Japan,2025-W44,anime,4,13.33,2666.67,30,24h
Bosnia and Herzegovina,2025-W44,policajci,4,13.33,2666.67,30,24h
Brazil,2025-W44,cias,4,13.33,2666.67,30,24h
Bolivia,2025-W44,exterior,4,13.33,2666.67,30,24h
Denmark,2025-W44,sidste,4,13.33,2666.67,30,24h
Andorra,2025-W44,andorra,4,13.33,2666.67,30,24h
Netherlands,2025-W44,geen,4,13.33,2666.67,30,24h
Argentina,2025-W44,buenos,4,13.33,2666.67,30,24h
Costa Rica,2025-W44,costa,8,28.57,2597.4,28,24h
Cambodia,2025-W44,winning,3,10.34,2586.21,29,24h
Democratic Republic of the Congo,2025-W44,provinciale,3,10.34,2586.21,29,24h
Canada,2025-W44,heal,3,10.0,2500.0,30,24h
Colombia,2025-W44,antioquia,3,10.0,2500.0,30,24h
Azerbaijan,2025-W44,ecomind,3,10.0,2500.0,30,24h
Albania,2025-W44,rthamore,3,10.0,2500.0,30,24h
Cyprus,2025-W44,haber,3,10.0,2500.0,30,24h
Croatia,2025-W44,tajland,3,10.0,2500.0,30,24h
Vanuatu,2025-W44,dailypost,3,10.0,2500.0,30,7d
Mauritius,2025-W44,ravatomanga,3,10.0,2500.0,30,24h
Portugal,2025-W44,jogo,3,10.0,2500.0,30,24h
Hungary,2025-W44,jabb,3,10.0,2500.0,30,24h
India,2025-W44,rajasthan,3,10.0,2500.0,30,24h
Latvia,2025-W44,stambulas,3,10.0,2500.0,30,24h
Kenya,2025-W44,raila,3,10.0,2500.0,30,24h
Poland,2025-W44,polacy,3,10.0,2500.0,30,24h
Moldova,2025-W44,fost,6,20.0,2500.0,30,24h
Kosovo,2025-W44,edhe,3,10.0,2500.0,30,24h
Turkey,2025-W44,yaral,3,10.0,2500.0,30,24h
Ukraine,2025-W44,infoline,3,10.0,2500.0,30,24h
Ireland,2025-W44,westmeath,3,10.0,2500.0,30,24h
Ghana,2025-W44,bawumia,3,10.0,2500.0,30,24h
Vietnam,2025-W44,nghi,3,10.0,2500.0,30,24h
Syria,2025-W44,rahme,3,10.0,2500.0,30,24h
Afghanistan,2025-W44,afghanistan,5,16.67,2380.95,30,24h
Senegal,2025-W44,autour,2,7.14,2380.95,28,24h
United Kingdom,2025-W44,rosemead,5,16.67,2380.95,30,24h
Venezuela,2025-W44,yvke,2,7.14,2380.95,28,24h
Tunisia,2025-W44,ahmed,2,6.9,2298.85,29,24h
Iceland,2025-W44,gengi,2,6.67,2222.22,30,24h
France,2025-W44,nest,2,6.67,2222.22,30,24h
Italy,2025-W44,giovane,2,6.67,2222.22,30,24h
Belgium,2025-W44,zijn,2,6.67,2222.22,30,24h
Austria,2025-W44,eines,2,6.67,2222.22,30,24h
Ecuador,2025-W44,lica,2,6.67,2222.22,30,24h
Belarus,2025-W44,territories,2,6.67,2222.22,30,24h
Germany,2025-W44,ersten,2,6.67,2222.22,30,24h
Qatar,2025-W44,charity,2,6.67,2222.22,30,24h
Greece,2025-W44,novibet,2,6.67,2222.22,30,24h
Chile,2025-W44,campe,2,6.67,2222.22,30,24h
Uruguay,2025-W44,hist,2,6.67,2222.22,30,24h
Zimbabwe,2025-W44,zimbabwean,2,6.67,2222.22,30,24h
Malaysia,2025-W44,muhyiddin,2,6.67,2222.22,30,24h
North Macedonia,2025-W44,votuesve,2,6.67,2222.22,30,24h
Morocco,2025-W44,contrats,2,6.67,2222.22,30,24h
Lithuania,2025-W44,prie,2,6.67,2222.22,30,24h
Switzerland,2025-W44,avegno,2,6.67,2222.22,30,24h
Thailand,2025-W44,bangkok,2,6.67,2222.22,30,24h
Spain,2025-W44,rcito,2,6.67,2222.22,30,24h
Panama,2025-W44,panamanian,2,6.67,2222.22,30,24h
New Zealand,2025-W44,kaitoke,2,6.67,2222.22,30,24h
Malta,2025-W44,borg,2,6.67,2222.22,30,24h
Georgia,2025-W44,georgia,3,10.71,2142.86,28,24h
Saudi Arabia,2025-W44,destination,1,3.45,1724.14,29,24h
Algeria,2025-W44,nemour,1,3.33,1666.67,30,24h
Bangladesh,2025-W44,values,1,3.33,1666.67,30,24h
Dominican Republic,2025-W44,dominicana,1,3.33,1666.67,30,24h
Egypt,2025-W44,miles,1,3.33,1666.67,30,24h
Bulgaria,2025-W44,fakti,1,3.33,1666.67,30,24h
China,2025-W44,exploited,1,3.33,1666.67,30,24h
Jordan,2025-W44,architek,1,3.33,1666.67,30,24h
Iran,2025-W44,simorgh,1,3.33,1666.67,30,24h
Madagascar,2025-W44,attitude,1,3.33,1666.67,30,24h
Kuwait,2025-W44,pavilion,1,3.33,1666.67,30,24h
Kazakhstan,2025-W44,horizon,1,3.33,1666.67,30,24h
Israel,2025-W44,bose,1,3.33,1666.67,30,24h
Iraq,2025-W44,intensifying,1,3.33,1666.67,30,24h
South Korea,2025-W44,asap,1,3.33,1666.67,30,24h
United Arab Emirates,2025-W44,techie,1,3.33,1666.67,30,24h
Sudan,2025-W44,siege,1,3.33,1666.67,30,24h
Russia,2025-W44,ginza,1,3.33,1666.67,30,24h
United States,2025-W44,mayoral,1,3.33,1666.67,30,24h
